BEGIN;

INSERT INTO person (updated_at, deleted_at, external_id, name, email, id, created_at) VALUES ('2014-11-14 10:52:59.727299+11', NULL, 'VDf6S0yFvlJj7OCt6fZBWyluoRjyXjyg', 'Conrad Pankoff', 'deoxxa@fknsrs.biz', '9f4ad422-24e2-4a3f-9ccb-c173550ec69a', '2014-11-14 10:52:59.722747+11');

INSERT INTO tenant (created_at, name, domain, id, updated_at, deleted_at, creator_id, title) VALUES ('2014-11-14 14:54:16.743027+11', 'what', '127.0.0.1', '6c170980-76a0-4569-b437-eb2e9243104c', '2014-11-14 14:54:16.743027+11', NULL, '9f4ad422-24e2-4a3f-9ccb-c173550ec69a', 'seriously what');

INSERT INTO client (id, updated_at, deleted_at, tenant_id, name, created_at, creator_id) VALUES ('9090f601-9e50-4357-9c93-15e7b6b99970', '2014-11-14 14:57:15.782702+11', NULL, '6c170980-76a0-4569-b437-eb2e9243104c', 'this is a client', '2014-11-14 14:57:15.782702+11', '9f4ad422-24e2-4a3f-9ccb-c173550ec69a');

INSERT INTO project (updated_at, deleted_at, creator_id, name, id, client_id, created_at) VALUES ('2014-11-14 14:57:26.831069+11', NULL, '9f4ad422-24e2-4a3f-9ccb-c173550ec69a', 'this is a project', 'e450019b-bad5-45a1-ac5c-243bde26eec6', '9090f601-9e50-4357-9c93-15e7b6b99970', '2014-11-14 14:57:26.831069+11');

INSERT INTO file (name, deleted_at, creator_id, project_id, id, created_at, updated_at) VALUES ('Screen Shot 2014-11-13 at 10.52.49 am.png', NULL, '9f4ad422-24e2-4a3f-9ccb-c173550ec69a', 'e450019b-bad5-45a1-ac5c-243bde26eec6', '453c56ca-40d9-4205-a7a1-ba85a3a1013b', '2014-11-14 14:58:10.705174+11', '2014-11-14 14:58:10.705174+11');
INSERT INTO file (name, deleted_at, creator_id, project_id, id, created_at, updated_at) VALUES ('Screen Shot 2014-11-13 at 10.52.49 am.png', NULL, '9f4ad422-24e2-4a3f-9ccb-c173550ec69a', 'e450019b-bad5-45a1-ac5c-243bde26eec6', '87275820-51ec-48a0-94fd-5670b6745980', '2014-11-14 15:35:23.492697+11', '2014-11-14 15:35:23.492697+11');
INSERT INTO file (name, deleted_at, creator_id, project_id, id, created_at, updated_at) VALUES ('Screen Shot 2014-11-13 at 10.52.49 am.png', NULL, '9f4ad422-24e2-4a3f-9ccb-c173550ec69a', 'e450019b-bad5-45a1-ac5c-243bde26eec6', '7ee9cf90-b1ef-4952-98fc-333ed28892e5', '2014-11-14 15:36:17.059923+11', '2014-11-14 15:36:17.059923+11');
INSERT INTO file (name, deleted_at, creator_id, project_id, id, created_at, updated_at) VALUES ('Screen Shot 2014-11-13 at 10.52.49 am.png', NULL, '9f4ad422-24e2-4a3f-9ccb-c173550ec69a', 'e450019b-bad5-45a1-ac5c-243bde26eec6', '9e99ebc5-1051-4bf6-b0a6-750c7e4eac54', '2014-11-14 15:37:13.039938+11', '2014-11-14 15:37:13.039938+11');
INSERT INTO file (name, deleted_at, creator_id, project_id, id, created_at, updated_at) VALUES ('Screen Shot 2014-11-13 at 10.52.49 am.png', NULL, '9f4ad422-24e2-4a3f-9ccb-c173550ec69a', 'e450019b-bad5-45a1-ac5c-243bde26eec6', 'f89a752a-0dd4-4bae-88af-cad4816c3d38', '2014-11-14 15:37:47.141584+11', '2014-11-14 15:37:47.141584+11');
INSERT INTO file (name, deleted_at, creator_id, project_id, id, created_at, updated_at) VALUES ('Screen Shot 2014-11-13 at 10.52.49 am.png', NULL, '9f4ad422-24e2-4a3f-9ccb-c173550ec69a', 'e450019b-bad5-45a1-ac5c-243bde26eec6', '7f2f2b3b-c1f7-46a3-bb09-e6474b60d207', '2014-11-14 15:39:47.588491+11', '2014-11-14 15:39:47.588491+11');
INSERT INTO file (name, deleted_at, creator_id, project_id, id, created_at, updated_at) VALUES ('Screen Shot 2014-11-13 at 10.52.49 am.png', NULL, '9f4ad422-24e2-4a3f-9ccb-c173550ec69a', 'e450019b-bad5-45a1-ac5c-243bde26eec6', '2fe231c3-e473-4b39-b5d8-05c58496523f', '2014-11-14 15:41:28.868438+11', '2014-11-14 15:41:28.868438+11');
INSERT INTO file (name, deleted_at, creator_id, project_id, id, created_at, updated_at) VALUES ('Screen Shot 2014-11-13 at 10.52.49 am.png', NULL, '9f4ad422-24e2-4a3f-9ccb-c173550ec69a', 'e450019b-bad5-45a1-ac5c-243bde26eec6', '3e9a2eea-e198-4711-8ae4-9174d4ae40df', '2014-11-14 15:42:39.301987+11', '2014-11-14 15:42:39.301987+11');
INSERT INTO file (name, deleted_at, creator_id, project_id, id, created_at, updated_at) VALUES ('Screen Shot 2014-11-13 at 10.52.49 am.png', NULL, '9f4ad422-24e2-4a3f-9ccb-c173550ec69a', 'e450019b-bad5-45a1-ac5c-243bde26eec6', 'c03663b0-0594-46a0-997b-528b26c1b937', '2014-11-14 15:43:37.521504+11', '2014-11-14 15:43:37.521504+11');
INSERT INTO file (name, deleted_at, creator_id, project_id, id, created_at, updated_at) VALUES ('Screen Shot 2014-11-13 at 10.52.49 am.png', NULL, '9f4ad422-24e2-4a3f-9ccb-c173550ec69a', 'e450019b-bad5-45a1-ac5c-243bde26eec6', '50239c95-e5bb-451e-8c5c-29f8e407d876', '2014-11-14 15:44:41.050108+11', '2014-11-14 15:44:41.050108+11');
INSERT INTO file (name, deleted_at, creator_id, project_id, id, created_at, updated_at) VALUES ('Screen Shot 2014-11-13 at 10.52.49 am.png', NULL, '9f4ad422-24e2-4a3f-9ccb-c173550ec69a', 'e450019b-bad5-45a1-ac5c-243bde26eec6', 'f7b46347-b9ac-4bb7-a89f-2cc1abfb942b', '2014-11-14 15:57:39.568811+11', '2014-11-14 15:57:39.568811+11');
INSERT INTO file (name, deleted_at, creator_id, project_id, id, created_at, updated_at) VALUES ('Screen Shot 2014-11-13 at 10.52.49 am.png', NULL, '9f4ad422-24e2-4a3f-9ccb-c173550ec69a', 'e450019b-bad5-45a1-ac5c-243bde26eec6', '0e1c13d9-546d-4a53-9bb3-c684a105c61a', '2014-11-14 15:59:30.71695+11', '2014-11-14 15:59:30.71695+11');

INSERT INTO file_version (file_id, content_type, created_at, updated_at, deleted_at, creator_id, name, complete, id) VALUES ('453c56ca-40d9-4205-a7a1-ba85a3a1013b', 'image/png', '2014-11-14 14:58:10.725734+11', '2014-11-14 14:58:11.429853+11', NULL, '9f4ad422-24e2-4a3f-9ccb-c173550ec69a', 'Screen Shot 2014-11-13 at 10.52.49 am.png', 't', 'b1cd555e-06c3-4ac9-9135-1c3331692b3b');
INSERT INTO file_version (file_id, content_type, created_at, updated_at, deleted_at, creator_id, name, complete, id) VALUES ('87275820-51ec-48a0-94fd-5670b6745980', 'image/png', '2014-11-14 15:35:23.520612+11', '2014-11-14 15:35:23.520612+11', NULL, '9f4ad422-24e2-4a3f-9ccb-c173550ec69a', 'Screen Shot 2014-11-13 at 10.52.49 am.png', 'f', '311aa1b2-6e60-49c4-9eb6-cc068cbc41a5');
INSERT INTO file_version (file_id, content_type, created_at, updated_at, deleted_at, creator_id, name, complete, id) VALUES ('7ee9cf90-b1ef-4952-98fc-333ed28892e5', 'image/png', '2014-11-14 15:36:17.082581+11', '2014-11-14 15:36:17.082581+11', NULL, '9f4ad422-24e2-4a3f-9ccb-c173550ec69a', 'Screen Shot 2014-11-13 at 10.52.49 am.png', 'f', '1e270b44-d365-49a6-a660-28292605bf23');
INSERT INTO file_version (file_id, content_type, created_at, updated_at, deleted_at, creator_id, name, complete, id) VALUES ('9e99ebc5-1051-4bf6-b0a6-750c7e4eac54', 'image/png', '2014-11-14 15:37:13.072079+11', '2014-11-14 15:37:13.072079+11', NULL, '9f4ad422-24e2-4a3f-9ccb-c173550ec69a', 'Screen Shot 2014-11-13 at 10.52.49 am.png', 'f', 'e6dfb610-5c1b-4789-8b97-a565ed8d427a');
INSERT INTO file_version (file_id, content_type, created_at, updated_at, deleted_at, creator_id, name, complete, id) VALUES ('f89a752a-0dd4-4bae-88af-cad4816c3d38', 'image/png', '2014-11-14 15:37:47.166851+11', '2014-11-14 15:37:47.166851+11', NULL, '9f4ad422-24e2-4a3f-9ccb-c173550ec69a', 'Screen Shot 2014-11-13 at 10.52.49 am.png', 'f', '1757a15c-7373-442e-8175-48232245126b');
INSERT INTO file_version (file_id, content_type, created_at, updated_at, deleted_at, creator_id, name, complete, id) VALUES ('7f2f2b3b-c1f7-46a3-bb09-e6474b60d207', 'image/png', '2014-11-14 15:39:47.609503+11', '2014-11-14 15:39:47.609503+11', NULL, '9f4ad422-24e2-4a3f-9ccb-c173550ec69a', 'Screen Shot 2014-11-13 at 10.52.49 am.png', 'f', '789e9d61-21a4-4c83-adcd-42bfc9cba0f4');
INSERT INTO file_version (file_id, content_type, created_at, updated_at, deleted_at, creator_id, name, complete, id) VALUES ('2fe231c3-e473-4b39-b5d8-05c58496523f', 'image/png', '2014-11-14 15:41:28.896925+11', '2014-11-14 15:41:29.522047+11', NULL, '9f4ad422-24e2-4a3f-9ccb-c173550ec69a', 'Screen Shot 2014-11-13 at 10.52.49 am.png', 't', 'a7824896-864d-4c68-b009-c179d9793629');
INSERT INTO file_version (file_id, content_type, created_at, updated_at, deleted_at, creator_id, name, complete, id) VALUES ('3e9a2eea-e198-4711-8ae4-9174d4ae40df', 'image/png', '2014-11-14 15:42:39.327916+11', '2014-11-14 15:42:39.327916+11', NULL, '9f4ad422-24e2-4a3f-9ccb-c173550ec69a', 'Screen Shot 2014-11-13 at 10.52.49 am.png', 'f', '4d5c0a63-a0d3-4210-8bf5-a76081a4cf9a');
INSERT INTO file_version (file_id, content_type, created_at, updated_at, deleted_at, creator_id, name, complete, id) VALUES ('c03663b0-0594-46a0-997b-528b26c1b937', 'image/png', '2014-11-14 15:43:37.547528+11', '2014-11-14 15:43:37.547528+11', NULL, '9f4ad422-24e2-4a3f-9ccb-c173550ec69a', 'Screen Shot 2014-11-13 at 10.52.49 am.png', 'f', 'cefd06ad-9ada-4e28-8ff9-be35fcb030c8');
INSERT INTO file_version (file_id, content_type, created_at, updated_at, deleted_at, creator_id, name, complete, id) VALUES ('50239c95-e5bb-451e-8c5c-29f8e407d876', 'image/png', '2014-11-14 15:44:41.077285+11', '2014-11-14 15:44:41.077285+11', NULL, '9f4ad422-24e2-4a3f-9ccb-c173550ec69a', 'Screen Shot 2014-11-13 at 10.52.49 am.png', 'f', '1924a491-224b-42cd-ba85-8c7f2b95d7ee');
INSERT INTO file_version (file_id, content_type, created_at, updated_at, deleted_at, creator_id, name, complete, id) VALUES ('f7b46347-b9ac-4bb7-a89f-2cc1abfb942b', 'image/png', '2014-11-14 15:57:39.612869+11', '2014-11-14 15:57:40.437322+11', NULL, '9f4ad422-24e2-4a3f-9ccb-c173550ec69a', 'Screen Shot 2014-11-13 at 10.52.49 am.png', 't', 'dbab9615-ecb3-4b55-bdec-3744bb5ce33a');
INSERT INTO file_version (file_id, content_type, created_at, updated_at, deleted_at, creator_id, name, complete, id) VALUES ('0e1c13d9-546d-4a53-9bb3-c684a105c61a', 'image/png', '2014-11-14 15:59:30.74531+11', '2014-11-14 15:59:31.281444+11', NULL, '9f4ad422-24e2-4a3f-9ccb-c173550ec69a', 'Screen Shot 2014-11-13 at 10.52.49 am.png', 't', '4092591a-0b84-49b1-9168-4829f3004f5c');

INSERT INTO review (created_at, deleted_at, project_id, message, status, expires_at, id, updated_at, creator_id, name) VALUES ('2014-11-14 14:59:28.248667+11', NULL, 'e450019b-bad5-45a1-ac5c-243bde26eec6', 'qwer', '', NULL, '6069e4d3-1ead-444c-b324-d549a81ed8a3', '2014-11-14 14:59:28.248667+11', '9f4ad422-24e2-4a3f-9ccb-c173550ec69a', 'asdf');

INSERT INTO review_file (created_at, creator_id, review_id, id, updated_at, deleted_at, file_version_id) VALUES ('2014-11-14 14:59:28.25064+11', '9f4ad422-24e2-4a3f-9ccb-c173550ec69a', '6069e4d3-1ead-444c-b324-d549a81ed8a3', '2c1a0ca9-746c-4c0d-8505-dd58aca4db8c', '2014-11-14 14:59:28.25064+11', NULL, 'b1cd555e-06c3-4ac9-9135-1c3331692b3b');

INSERT INTO event (id, review_id, channel, event, payload, created_at, tenant_id, client_id, project_id) VALUES (1, NULL, 'brief.dev.6c170980-76a0-4569-b437-eb2e9243104c.9090f601-9e50-4357-9c93-15e7b6b99970', 'Client.create', '{"id":"9090f601-9e50-4357-9c93-15e7b6b99970","createdAt":"2014-11-14T14:57:15.782702079+11:00","updatedAt":"2014-11-14T14:57:15.782702079+11:00","deletedAt":null,"creatorId":"9f4ad422-24e2-4a3f-9ccb-c173550ec69a","tenantId":"6c170980-76a0-4569-b437-eb2e9243104c","name":"this is a client","projects":null}', '2014-11-14 14:57:15.784703+11', '6c170980-76a0-4569-b437-eb2e9243104c', '9090f601-9e50-4357-9c93-15e7b6b99970', NULL);
INSERT INTO event (id, review_id, channel, event, payload, created_at, tenant_id, client_id, project_id) VALUES (2, NULL, 'brief.dev.6c170980-76a0-4569-b437-eb2e9243104c.9090f601-9e50-4357-9c93-15e7b6b99970.e450019b-bad5-45a1-ac5c-243bde26eec6', 'Project.create', '{"id":"e450019b-bad5-45a1-ac5c-243bde26eec6","createdAt":"2014-11-14T14:57:26.831069181+11:00","updatedAt":"2014-11-14T14:57:26.831069181+11:00","deletedAt":null,"creatorId":"9f4ad422-24e2-4a3f-9ccb-c173550ec69a","clientId":"9090f601-9e50-4357-9c93-15e7b6b99970","name":"this is a project","files":null,"reviews":null}', '2014-11-14 14:57:26.833928+11', '6c170980-76a0-4569-b437-eb2e9243104c', '9090f601-9e50-4357-9c93-15e7b6b99970', 'e450019b-bad5-45a1-ac5c-243bde26eec6');
INSERT INTO event (id, review_id, channel, event, payload, created_at, tenant_id, client_id, project_id) VALUES (3, NULL, 'brief.dev.6c170980-76a0-4569-b437-eb2e9243104c.9090f601-9e50-4357-9c93-15e7b6b99970.e450019b-bad5-45a1-ac5c-243bde26eec6', 'Membership.create', '{"id":"13da9e6e-b831-464a-8d71-353c69190269","createdAt":"2014-11-14T14:57:46.365156288+11:00","updatedAt":"2014-11-14T14:57:46.365156288+11:00","deletedAt":null,"creatorId":"9f4ad422-24e2-4a3f-9ccb-c173550ec69a","personId":null,"type":"project","tenantId":null,"clientId":null,"projectId":"e450019b-bad5-45a1-ac5c-243bde26eec6","reviewId":null}', '2014-11-14 14:57:46.368145+11', '6c170980-76a0-4569-b437-eb2e9243104c', '9090f601-9e50-4357-9c93-15e7b6b99970', 'e450019b-bad5-45a1-ac5c-243bde26eec6');
INSERT INTO event (id, review_id, channel, event, payload, created_at, tenant_id, client_id, project_id) VALUES (4, NULL, 'brief.dev', 'Invite.create', '{"id":"7a74e4ce-1c71-44c6-b35e-526f9f61c952","createdAt":"2014-11-14T14:57:46.385647736+11:00","updatedAt":"2014-11-14T14:57:46.385647736+11:00","deletedAt":null,"creatorId":"9f4ad422-24e2-4a3f-9ccb-c173550ec69a","membershipId":"13da9e6e-b831-464a-8d71-353c69190269","email":"deoxxa@fknsrs.biz","expiresAt":"0001-01-01T00:00:00Z","acceptedAt":null}', '2014-11-14 14:57:46.387759+11', NULL, NULL, NULL);
INSERT INTO event (id, review_id, channel, event, payload, created_at, tenant_id, client_id, project_id) VALUES (5, NULL, 'brief.dev.6c170980-76a0-4569-b437-eb2e9243104c.9090f601-9e50-4357-9c93-15e7b6b99970.e450019b-bad5-45a1-ac5c-243bde26eec6', 'File.create', '{"id":"453c56ca-40d9-4205-a7a1-ba85a3a1013b","createdAt":"2014-11-14T14:58:10.70517396+11:00","updatedAt":"2014-11-14T14:58:10.70517396+11:00","deletedAt":null,"creatorId":"9f4ad422-24e2-4a3f-9ccb-c173550ec69a","projectId":"e450019b-bad5-45a1-ac5c-243bde26eec6","name":"Screen Shot 2014-11-13 at 10.52.49 am.png","versions":null}', '2014-11-14 14:58:10.707972+11', '6c170980-76a0-4569-b437-eb2e9243104c', '9090f601-9e50-4357-9c93-15e7b6b99970', 'e450019b-bad5-45a1-ac5c-243bde26eec6');
INSERT INTO event (id, review_id, channel, event, payload, created_at, tenant_id, client_id, project_id) VALUES (6, NULL, 'brief.dev.6c170980-76a0-4569-b437-eb2e9243104c.9090f601-9e50-4357-9c93-15e7b6b99970.e450019b-bad5-45a1-ac5c-243bde26eec6', 'FileVersion.create', '{"id":"b1cd555e-06c3-4ac9-9135-1c3331692b3b","createdAt":"2014-11-14T14:58:10.725734159+11:00","updatedAt":"2014-11-14T14:58:10.725734159+11:00","deletedAt":null,"creatorId":"9f4ad422-24e2-4a3f-9ccb-c173550ec69a","fileId":"453c56ca-40d9-4205-a7a1-ba85a3a1013b","name":"Screen Shot 2014-11-13 at 10.52.49 am.png","contentType":"image/png","complete":false,"reviewFiles":null}', '2014-11-14 14:58:10.728321+11', '6c170980-76a0-4569-b437-eb2e9243104c', '9090f601-9e50-4357-9c93-15e7b6b99970', 'e450019b-bad5-45a1-ac5c-243bde26eec6');
INSERT INTO event (id, review_id, channel, event, payload, created_at, tenant_id, client_id, project_id) VALUES (7, '6069e4d3-1ead-444c-b324-d549a81ed8a3', 'brief.dev.6c170980-76a0-4569-b437-eb2e9243104c.9090f601-9e50-4357-9c93-15e7b6b99970.e450019b-bad5-45a1-ac5c-243bde26eec6.6069e4d3-1ead-444c-b324-d549a81ed8a3', 'Review.create', '{"id":"6069e4d3-1ead-444c-b324-d549a81ed8a3","createdAt":"2014-11-14T14:59:28.248667393+11:00","updatedAt":"2014-11-14T14:59:28.248667393+11:00","deletedAt":null,"creatorId":"9f4ad422-24e2-4a3f-9ccb-c173550ec69a","projectId":"e450019b-bad5-45a1-ac5c-243bde26eec6","name":"asdf","message":"qwer","status":"","expiresAt":null,"reviewFiles":[{"id":"2c1a0ca9-746c-4c0d-8505-dd58aca4db8c","createdAt":"2014-11-14T14:59:28.25064+11:00","updatedAt":"2014-11-14T14:59:28.25064+11:00","deletedAt":null,"creatorId":"9f4ad422-24e2-4a3f-9ccb-c173550ec69a","fileVersionId":"b1cd555e-06c3-4ac9-9135-1c3331692b3b","reviewId":"6069e4d3-1ead-444c-b324-d549a81ed8a3","comments":[]}]}', '2014-11-14 14:59:28.256694+11', '6c170980-76a0-4569-b437-eb2e9243104c', '9090f601-9e50-4357-9c93-15e7b6b99970', 'e450019b-bad5-45a1-ac5c-243bde26eec6');
INSERT INTO event (id, review_id, channel, event, payload, created_at, tenant_id, client_id, project_id) VALUES (8, '6069e4d3-1ead-444c-b324-d549a81ed8a3', 'brief.dev.6c170980-76a0-4569-b437-eb2e9243104c.9090f601-9e50-4357-9c93-15e7b6b99970.e450019b-bad5-45a1-ac5c-243bde26eec6.6069e4d3-1ead-444c-b324-d549a81ed8a3', 'ReviewFile.create', '{"id":"2c1a0ca9-746c-4c0d-8505-dd58aca4db8c","createdAt":"2014-11-14T14:59:28.25064+11:00","updatedAt":"2014-11-14T14:59:28.25064+11:00","deletedAt":null,"creatorId":"9f4ad422-24e2-4a3f-9ccb-c173550ec69a","fileVersionId":"b1cd555e-06c3-4ac9-9135-1c3331692b3b","reviewId":"6069e4d3-1ead-444c-b324-d549a81ed8a3","comments":[]}', '2014-11-14 14:59:28.259047+11', '6c170980-76a0-4569-b437-eb2e9243104c', '9090f601-9e50-4357-9c93-15e7b6b99970', 'e450019b-bad5-45a1-ac5c-243bde26eec6');
INSERT INTO event (id, review_id, channel, event, payload, created_at, tenant_id, client_id, project_id) VALUES (9, '6069e4d3-1ead-444c-b324-d549a81ed8a3', 'brief.dev.6c170980-76a0-4569-b437-eb2e9243104c.9090f601-9e50-4357-9c93-15e7b6b99970.e450019b-bad5-45a1-ac5c-243bde26eec6.6069e4d3-1ead-444c-b324-d549a81ed8a3', 'Membership.create', '{"id":"aa09408c-5a09-4469-a71f-6fff1e6ee3a7","createdAt":"2014-11-14T14:59:33.880829689+11:00","updatedAt":"2014-11-14T14:59:33.880829689+11:00","deletedAt":null,"creatorId":"9f4ad422-24e2-4a3f-9ccb-c173550ec69a","personId":"9f4ad422-24e2-4a3f-9ccb-c173550ec69a","type":"review","tenantId":null,"clientId":null,"projectId":null,"reviewId":"6069e4d3-1ead-444c-b324-d549a81ed8a3"}', '2014-11-14 14:59:33.884781+11', '6c170980-76a0-4569-b437-eb2e9243104c', '9090f601-9e50-4357-9c93-15e7b6b99970', 'e450019b-bad5-45a1-ac5c-243bde26eec6');
INSERT INTO event (id, review_id, channel, event, payload, created_at, tenant_id, client_id, project_id) VALUES (10, NULL, 'brief.dev.6c170980-76a0-4569-b437-eb2e9243104c.9090f601-9e50-4357-9c93-15e7b6b99970.e450019b-bad5-45a1-ac5c-243bde26eec6', 'File.create', '{"id":"87275820-51ec-48a0-94fd-5670b6745980","createdAt":"2014-11-14T15:35:23.492696806+11:00","updatedAt":"2014-11-14T15:35:23.492696806+11:00","deletedAt":null,"creatorId":"9f4ad422-24e2-4a3f-9ccb-c173550ec69a","projectId":"e450019b-bad5-45a1-ac5c-243bde26eec6","name":"Screen Shot 2014-11-13 at 10.52.49 am.png","versions":null}', '2014-11-14 15:35:23.495222+11', '6c170980-76a0-4569-b437-eb2e9243104c', '9090f601-9e50-4357-9c93-15e7b6b99970', 'e450019b-bad5-45a1-ac5c-243bde26eec6');
INSERT INTO event (id, review_id, channel, event, payload, created_at, tenant_id, client_id, project_id) VALUES (11, NULL, 'brief.dev.6c170980-76a0-4569-b437-eb2e9243104c.9090f601-9e50-4357-9c93-15e7b6b99970.e450019b-bad5-45a1-ac5c-243bde26eec6', 'FileVersion.create', '{"id":"311aa1b2-6e60-49c4-9eb6-cc068cbc41a5","createdAt":"2014-11-14T15:35:23.520611526+11:00","updatedAt":"2014-11-14T15:35:23.520611526+11:00","deletedAt":null,"creatorId":"9f4ad422-24e2-4a3f-9ccb-c173550ec69a","fileId":"87275820-51ec-48a0-94fd-5670b6745980","name":"Screen Shot 2014-11-13 at 10.52.49 am.png","contentType":"image/png","complete":false,"reviewFiles":null}', '2014-11-14 15:35:23.52298+11', '6c170980-76a0-4569-b437-eb2e9243104c', '9090f601-9e50-4357-9c93-15e7b6b99970', 'e450019b-bad5-45a1-ac5c-243bde26eec6');
INSERT INTO event (id, review_id, channel, event, payload, created_at, tenant_id, client_id, project_id) VALUES (12, NULL, 'brief.dev.6c170980-76a0-4569-b437-eb2e9243104c.9090f601-9e50-4357-9c93-15e7b6b99970.e450019b-bad5-45a1-ac5c-243bde26eec6', 'File.create', '{"id":"7ee9cf90-b1ef-4952-98fc-333ed28892e5","createdAt":"2014-11-14T15:36:17.059923265+11:00","updatedAt":"2014-11-14T15:36:17.059923265+11:00","deletedAt":null,"creatorId":"9f4ad422-24e2-4a3f-9ccb-c173550ec69a","projectId":"e450019b-bad5-45a1-ac5c-243bde26eec6","name":"Screen Shot 2014-11-13 at 10.52.49 am.png","versions":null}', '2014-11-14 15:36:17.062491+11', '6c170980-76a0-4569-b437-eb2e9243104c', '9090f601-9e50-4357-9c93-15e7b6b99970', 'e450019b-bad5-45a1-ac5c-243bde26eec6');
INSERT INTO event (id, review_id, channel, event, payload, created_at, tenant_id, client_id, project_id) VALUES (13, NULL, 'brief.dev.6c170980-76a0-4569-b437-eb2e9243104c.9090f601-9e50-4357-9c93-15e7b6b99970.e450019b-bad5-45a1-ac5c-243bde26eec6', 'FileVersion.create', '{"id":"1e270b44-d365-49a6-a660-28292605bf23","createdAt":"2014-11-14T15:36:17.082581401+11:00","updatedAt":"2014-11-14T15:36:17.082581401+11:00","deletedAt":null,"creatorId":"9f4ad422-24e2-4a3f-9ccb-c173550ec69a","fileId":"7ee9cf90-b1ef-4952-98fc-333ed28892e5","name":"Screen Shot 2014-11-13 at 10.52.49 am.png","contentType":"image/png","complete":false,"reviewFiles":null}', '2014-11-14 15:36:17.084778+11', '6c170980-76a0-4569-b437-eb2e9243104c', '9090f601-9e50-4357-9c93-15e7b6b99970', 'e450019b-bad5-45a1-ac5c-243bde26eec6');
INSERT INTO event (id, review_id, channel, event, payload, created_at, tenant_id, client_id, project_id) VALUES (14, NULL, 'brief.dev.6c170980-76a0-4569-b437-eb2e9243104c.9090f601-9e50-4357-9c93-15e7b6b99970.e450019b-bad5-45a1-ac5c-243bde26eec6', 'File.create', '{"id":"9e99ebc5-1051-4bf6-b0a6-750c7e4eac54","createdAt":"2014-11-14T15:37:13.039938324+11:00","updatedAt":"2014-11-14T15:37:13.039938324+11:00","deletedAt":null,"creatorId":"9f4ad422-24e2-4a3f-9ccb-c173550ec69a","projectId":"e450019b-bad5-45a1-ac5c-243bde26eec6","name":"Screen Shot 2014-11-13 at 10.52.49 am.png","versions":null}', '2014-11-14 15:37:13.041847+11', '6c170980-76a0-4569-b437-eb2e9243104c', '9090f601-9e50-4357-9c93-15e7b6b99970', 'e450019b-bad5-45a1-ac5c-243bde26eec6');
INSERT INTO event (id, review_id, channel, event, payload, created_at, tenant_id, client_id, project_id) VALUES (15, NULL, 'brief.dev.6c170980-76a0-4569-b437-eb2e9243104c.9090f601-9e50-4357-9c93-15e7b6b99970.e450019b-bad5-45a1-ac5c-243bde26eec6', 'FileVersion.create', '{"id":"e6dfb610-5c1b-4789-8b97-a565ed8d427a","createdAt":"2014-11-14T15:37:13.072079172+11:00","updatedAt":"2014-11-14T15:37:13.072079172+11:00","deletedAt":null,"creatorId":"9f4ad422-24e2-4a3f-9ccb-c173550ec69a","fileId":"9e99ebc5-1051-4bf6-b0a6-750c7e4eac54","name":"Screen Shot 2014-11-13 at 10.52.49 am.png","contentType":"image/png","complete":false,"reviewFiles":null}', '2014-11-14 15:37:13.07401+11', '6c170980-76a0-4569-b437-eb2e9243104c', '9090f601-9e50-4357-9c93-15e7b6b99970', 'e450019b-bad5-45a1-ac5c-243bde26eec6');
INSERT INTO event (id, review_id, channel, event, payload, created_at, tenant_id, client_id, project_id) VALUES (16, NULL, 'brief.dev.6c170980-76a0-4569-b437-eb2e9243104c.9090f601-9e50-4357-9c93-15e7b6b99970.e450019b-bad5-45a1-ac5c-243bde26eec6', 'File.create', '{"id":"f89a752a-0dd4-4bae-88af-cad4816c3d38","createdAt":"2014-11-14T15:37:47.14158377+11:00","updatedAt":"2014-11-14T15:37:47.14158377+11:00","deletedAt":null,"creatorId":"9f4ad422-24e2-4a3f-9ccb-c173550ec69a","projectId":"e450019b-bad5-45a1-ac5c-243bde26eec6","name":"Screen Shot 2014-11-13 at 10.52.49 am.png","versions":null}', '2014-11-14 15:37:47.14459+11', '6c170980-76a0-4569-b437-eb2e9243104c', '9090f601-9e50-4357-9c93-15e7b6b99970', 'e450019b-bad5-45a1-ac5c-243bde26eec6');
INSERT INTO event (id, review_id, channel, event, payload, created_at, tenant_id, client_id, project_id) VALUES (17, NULL, 'brief.dev.6c170980-76a0-4569-b437-eb2e9243104c.9090f601-9e50-4357-9c93-15e7b6b99970.e450019b-bad5-45a1-ac5c-243bde26eec6', 'FileVersion.create', '{"id":"1757a15c-7373-442e-8175-48232245126b","createdAt":"2014-11-14T15:37:47.166850509+11:00","updatedAt":"2014-11-14T15:37:47.166850509+11:00","deletedAt":null,"creatorId":"9f4ad422-24e2-4a3f-9ccb-c173550ec69a","fileId":"f89a752a-0dd4-4bae-88af-cad4816c3d38","name":"Screen Shot 2014-11-13 at 10.52.49 am.png","contentType":"image/png","complete":false,"reviewFiles":null}', '2014-11-14 15:37:47.169371+11', '6c170980-76a0-4569-b437-eb2e9243104c', '9090f601-9e50-4357-9c93-15e7b6b99970', 'e450019b-bad5-45a1-ac5c-243bde26eec6');
INSERT INTO event (id, review_id, channel, event, payload, created_at, tenant_id, client_id, project_id) VALUES (18, NULL, 'brief.dev.6c170980-76a0-4569-b437-eb2e9243104c.9090f601-9e50-4357-9c93-15e7b6b99970.e450019b-bad5-45a1-ac5c-243bde26eec6', 'File.create', '{"id":"7f2f2b3b-c1f7-46a3-bb09-e6474b60d207","createdAt":"2014-11-14T15:39:47.588491351+11:00","updatedAt":"2014-11-14T15:39:47.588491351+11:00","deletedAt":null,"creatorId":"9f4ad422-24e2-4a3f-9ccb-c173550ec69a","projectId":"e450019b-bad5-45a1-ac5c-243bde26eec6","name":"Screen Shot 2014-11-13 at 10.52.49 am.png","versions":null}', '2014-11-14 15:39:47.590961+11', '6c170980-76a0-4569-b437-eb2e9243104c', '9090f601-9e50-4357-9c93-15e7b6b99970', 'e450019b-bad5-45a1-ac5c-243bde26eec6');
INSERT INTO event (id, review_id, channel, event, payload, created_at, tenant_id, client_id, project_id) VALUES (19, NULL, 'brief.dev.6c170980-76a0-4569-b437-eb2e9243104c.9090f601-9e50-4357-9c93-15e7b6b99970.e450019b-bad5-45a1-ac5c-243bde26eec6', 'FileVersion.create', '{"id":"789e9d61-21a4-4c83-adcd-42bfc9cba0f4","createdAt":"2014-11-14T15:39:47.609502748+11:00","updatedAt":"2014-11-14T15:39:47.609502748+11:00","deletedAt":null,"creatorId":"9f4ad422-24e2-4a3f-9ccb-c173550ec69a","fileId":"7f2f2b3b-c1f7-46a3-bb09-e6474b60d207","name":"Screen Shot 2014-11-13 at 10.52.49 am.png","contentType":"image/png","complete":false,"reviewFiles":null}', '2014-11-14 15:39:47.613478+11', '6c170980-76a0-4569-b437-eb2e9243104c', '9090f601-9e50-4357-9c93-15e7b6b99970', 'e450019b-bad5-45a1-ac5c-243bde26eec6');
INSERT INTO event (id, review_id, channel, event, payload, created_at, tenant_id, client_id, project_id) VALUES (20, NULL, 'brief.dev.6c170980-76a0-4569-b437-eb2e9243104c.9090f601-9e50-4357-9c93-15e7b6b99970.e450019b-bad5-45a1-ac5c-243bde26eec6', 'File.create', '{"id":"2fe231c3-e473-4b39-b5d8-05c58496523f","createdAt":"2014-11-14T15:41:28.868437658+11:00","updatedAt":"2014-11-14T15:41:28.868437658+11:00","deletedAt":null,"creatorId":"9f4ad422-24e2-4a3f-9ccb-c173550ec69a","projectId":"e450019b-bad5-45a1-ac5c-243bde26eec6","name":"Screen Shot 2014-11-13 at 10.52.49 am.png","versions":null}', '2014-11-14 15:41:28.870146+11', '6c170980-76a0-4569-b437-eb2e9243104c', '9090f601-9e50-4357-9c93-15e7b6b99970', 'e450019b-bad5-45a1-ac5c-243bde26eec6');
INSERT INTO event (id, review_id, channel, event, payload, created_at, tenant_id, client_id, project_id) VALUES (21, NULL, 'brief.dev.6c170980-76a0-4569-b437-eb2e9243104c.9090f601-9e50-4357-9c93-15e7b6b99970.e450019b-bad5-45a1-ac5c-243bde26eec6', 'FileVersion.create', '{"id":"a7824896-864d-4c68-b009-c179d9793629","createdAt":"2014-11-14T15:41:28.896925106+11:00","updatedAt":"2014-11-14T15:41:28.896925106+11:00","deletedAt":null,"creatorId":"9f4ad422-24e2-4a3f-9ccb-c173550ec69a","fileId":"2fe231c3-e473-4b39-b5d8-05c58496523f","name":"Screen Shot 2014-11-13 at 10.52.49 am.png","contentType":"image/png","complete":false,"reviewFiles":null}', '2014-11-14 15:41:28.899011+11', '6c170980-76a0-4569-b437-eb2e9243104c', '9090f601-9e50-4357-9c93-15e7b6b99970', 'e450019b-bad5-45a1-ac5c-243bde26eec6');
INSERT INTO event (id, review_id, channel, event, payload, created_at, tenant_id, client_id, project_id) VALUES (22, NULL, 'brief.dev.6c170980-76a0-4569-b437-eb2e9243104c.9090f601-9e50-4357-9c93-15e7b6b99970.e450019b-bad5-45a1-ac5c-243bde26eec6', 'File.create', '{"id":"3e9a2eea-e198-4711-8ae4-9174d4ae40df","createdAt":"2014-11-14T15:42:39.301987382+11:00","updatedAt":"2014-11-14T15:42:39.301987382+11:00","deletedAt":null,"creatorId":"9f4ad422-24e2-4a3f-9ccb-c173550ec69a","projectId":"e450019b-bad5-45a1-ac5c-243bde26eec6","name":"Screen Shot 2014-11-13 at 10.52.49 am.png","versions":null}', '2014-11-14 15:42:39.3038+11', '6c170980-76a0-4569-b437-eb2e9243104c', '9090f601-9e50-4357-9c93-15e7b6b99970', 'e450019b-bad5-45a1-ac5c-243bde26eec6');
INSERT INTO event (id, review_id, channel, event, payload, created_at, tenant_id, client_id, project_id) VALUES (23, NULL, 'brief.dev.6c170980-76a0-4569-b437-eb2e9243104c.9090f601-9e50-4357-9c93-15e7b6b99970.e450019b-bad5-45a1-ac5c-243bde26eec6', 'FileVersion.create', '{"id":"4d5c0a63-a0d3-4210-8bf5-a76081a4cf9a","createdAt":"2014-11-14T15:42:39.327916112+11:00","updatedAt":"2014-11-14T15:42:39.327916112+11:00","deletedAt":null,"creatorId":"9f4ad422-24e2-4a3f-9ccb-c173550ec69a","fileId":"3e9a2eea-e198-4711-8ae4-9174d4ae40df","name":"Screen Shot 2014-11-13 at 10.52.49 am.png","contentType":"image/png","complete":false,"reviewFiles":null}', '2014-11-14 15:42:39.329943+11', '6c170980-76a0-4569-b437-eb2e9243104c', '9090f601-9e50-4357-9c93-15e7b6b99970', 'e450019b-bad5-45a1-ac5c-243bde26eec6');
INSERT INTO event (id, review_id, channel, event, payload, created_at, tenant_id, client_id, project_id) VALUES (24, NULL, 'brief.dev.6c170980-76a0-4569-b437-eb2e9243104c.9090f601-9e50-4357-9c93-15e7b6b99970.e450019b-bad5-45a1-ac5c-243bde26eec6', 'File.create', '{"id":"c03663b0-0594-46a0-997b-528b26c1b937","createdAt":"2014-11-14T15:43:37.521503828+11:00","updatedAt":"2014-11-14T15:43:37.521503828+11:00","deletedAt":null,"creatorId":"9f4ad422-24e2-4a3f-9ccb-c173550ec69a","projectId":"e450019b-bad5-45a1-ac5c-243bde26eec6","name":"Screen Shot 2014-11-13 at 10.52.49 am.png","versions":null}', '2014-11-14 15:43:37.523319+11', '6c170980-76a0-4569-b437-eb2e9243104c', '9090f601-9e50-4357-9c93-15e7b6b99970', 'e450019b-bad5-45a1-ac5c-243bde26eec6');
INSERT INTO event (id, review_id, channel, event, payload, created_at, tenant_id, client_id, project_id) VALUES (25, NULL, 'brief.dev.6c170980-76a0-4569-b437-eb2e9243104c.9090f601-9e50-4357-9c93-15e7b6b99970.e450019b-bad5-45a1-ac5c-243bde26eec6', 'FileVersion.create', '{"id":"cefd06ad-9ada-4e28-8ff9-be35fcb030c8","createdAt":"2014-11-14T15:43:37.547527949+11:00","updatedAt":"2014-11-14T15:43:37.547527949+11:00","deletedAt":null,"creatorId":"9f4ad422-24e2-4a3f-9ccb-c173550ec69a","fileId":"c03663b0-0594-46a0-997b-528b26c1b937","name":"Screen Shot 2014-11-13 at 10.52.49 am.png","contentType":"image/png","complete":false,"reviewFiles":null}', '2014-11-14 15:43:37.55181+11', '6c170980-76a0-4569-b437-eb2e9243104c', '9090f601-9e50-4357-9c93-15e7b6b99970', 'e450019b-bad5-45a1-ac5c-243bde26eec6');
INSERT INTO event (id, review_id, channel, event, payload, created_at, tenant_id, client_id, project_id) VALUES (26, NULL, 'brief.dev.6c170980-76a0-4569-b437-eb2e9243104c.9090f601-9e50-4357-9c93-15e7b6b99970.e450019b-bad5-45a1-ac5c-243bde26eec6', 'File.create', '{"id":"50239c95-e5bb-451e-8c5c-29f8e407d876","createdAt":"2014-11-14T15:44:41.050107503+11:00","updatedAt":"2014-11-14T15:44:41.050107503+11:00","deletedAt":null,"creatorId":"9f4ad422-24e2-4a3f-9ccb-c173550ec69a","projectId":"e450019b-bad5-45a1-ac5c-243bde26eec6","name":"Screen Shot 2014-11-13 at 10.52.49 am.png","versions":null}', '2014-11-14 15:44:41.052099+11', '6c170980-76a0-4569-b437-eb2e9243104c', '9090f601-9e50-4357-9c93-15e7b6b99970', 'e450019b-bad5-45a1-ac5c-243bde26eec6');
INSERT INTO event (id, review_id, channel, event, payload, created_at, tenant_id, client_id, project_id) VALUES (27, NULL, 'brief.dev.6c170980-76a0-4569-b437-eb2e9243104c.9090f601-9e50-4357-9c93-15e7b6b99970.e450019b-bad5-45a1-ac5c-243bde26eec6', 'FileVersion.create', '{"id":"1924a491-224b-42cd-ba85-8c7f2b95d7ee","createdAt":"2014-11-14T15:44:41.077284884+11:00","updatedAt":"2014-11-14T15:44:41.077284884+11:00","deletedAt":null,"creatorId":"9f4ad422-24e2-4a3f-9ccb-c173550ec69a","fileId":"50239c95-e5bb-451e-8c5c-29f8e407d876","name":"Screen Shot 2014-11-13 at 10.52.49 am.png","contentType":"image/png","complete":false,"reviewFiles":null}', '2014-11-14 15:44:41.07927+11', '6c170980-76a0-4569-b437-eb2e9243104c', '9090f601-9e50-4357-9c93-15e7b6b99970', 'e450019b-bad5-45a1-ac5c-243bde26eec6');
INSERT INTO event (id, review_id, channel, event, payload, created_at, tenant_id, client_id, project_id) VALUES (28, NULL, 'brief.dev.6c170980-76a0-4569-b437-eb2e9243104c.9090f601-9e50-4357-9c93-15e7b6b99970.e450019b-bad5-45a1-ac5c-243bde26eec6', 'File.create', '{"id":"f7b46347-b9ac-4bb7-a89f-2cc1abfb942b","createdAt":"2014-11-14T15:57:39.568810951+11:00","updatedAt":"2014-11-14T15:57:39.568810951+11:00","deletedAt":null,"creatorId":"9f4ad422-24e2-4a3f-9ccb-c173550ec69a","projectId":"e450019b-bad5-45a1-ac5c-243bde26eec6","name":"Screen Shot 2014-11-13 at 10.52.49 am.png","versions":null}', '2014-11-14 15:57:39.571242+11', '6c170980-76a0-4569-b437-eb2e9243104c', '9090f601-9e50-4357-9c93-15e7b6b99970', 'e450019b-bad5-45a1-ac5c-243bde26eec6');
INSERT INTO event (id, review_id, channel, event, payload, created_at, tenant_id, client_id, project_id) VALUES (29, NULL, 'brief.dev.6c170980-76a0-4569-b437-eb2e9243104c.9090f601-9e50-4357-9c93-15e7b6b99970.e450019b-bad5-45a1-ac5c-243bde26eec6', 'FileVersion.create', '{"id":"dbab9615-ecb3-4b55-bdec-3744bb5ce33a","createdAt":"2014-11-14T15:57:39.612869368+11:00","updatedAt":"2014-11-14T15:57:39.612869368+11:00","deletedAt":null,"creatorId":"9f4ad422-24e2-4a3f-9ccb-c173550ec69a","fileId":"f7b46347-b9ac-4bb7-a89f-2cc1abfb942b","name":"Screen Shot 2014-11-13 at 10.52.49 am.png","contentType":"image/png","complete":false,"reviewFiles":null}', '2014-11-14 15:57:39.615109+11', '6c170980-76a0-4569-b437-eb2e9243104c', '9090f601-9e50-4357-9c93-15e7b6b99970', 'e450019b-bad5-45a1-ac5c-243bde26eec6');
INSERT INTO event (id, review_id, channel, event, payload, created_at, tenant_id, client_id, project_id) VALUES (30, NULL, 'brief.dev.6c170980-76a0-4569-b437-eb2e9243104c.9090f601-9e50-4357-9c93-15e7b6b99970.e450019b-bad5-45a1-ac5c-243bde26eec6', 'File.create', '{"id":"0e1c13d9-546d-4a53-9bb3-c684a105c61a","createdAt":"2014-11-14T15:59:30.716950398+11:00","updatedAt":"2014-11-14T15:59:30.716950398+11:00","deletedAt":null,"creatorId":"9f4ad422-24e2-4a3f-9ccb-c173550ec69a","projectId":"e450019b-bad5-45a1-ac5c-243bde26eec6","name":"Screen Shot 2014-11-13 at 10.52.49 am.png","versions":null}', '2014-11-14 15:59:30.719573+11', '6c170980-76a0-4569-b437-eb2e9243104c', '9090f601-9e50-4357-9c93-15e7b6b99970', 'e450019b-bad5-45a1-ac5c-243bde26eec6');
INSERT INTO event (id, review_id, channel, event, payload, created_at, tenant_id, client_id, project_id) VALUES (31, NULL, 'brief.dev.6c170980-76a0-4569-b437-eb2e9243104c.9090f601-9e50-4357-9c93-15e7b6b99970.e450019b-bad5-45a1-ac5c-243bde26eec6', 'FileVersion.create', '{"id":"4092591a-0b84-49b1-9168-4829f3004f5c","createdAt":"2014-11-14T15:59:30.745310365+11:00","updatedAt":"2014-11-14T15:59:30.745310365+11:00","deletedAt":null,"creatorId":"9f4ad422-24e2-4a3f-9ccb-c173550ec69a","fileId":"0e1c13d9-546d-4a53-9bb3-c684a105c61a","name":"Screen Shot 2014-11-13 at 10.52.49 am.png","contentType":"image/png","complete":false,"reviewFiles":null}', '2014-11-14 15:59:30.749985+11', '6c170980-76a0-4569-b437-eb2e9243104c', '9090f601-9e50-4357-9c93-15e7b6b99970', 'e450019b-bad5-45a1-ac5c-243bde26eec6');

INSERT INTO membership (client_id, type, project_id, id, created_at, deleted_at, creator_id, updated_at, review_id, person_id, tenant_id) VALUES (NULL, 'tenant', NULL, '4cb62709-858a-4a31-a828-db6a412196ce', NULL, NULL, NULL, NULL, NULL, '9f4ad422-24e2-4a3f-9ccb-c173550ec69a', '6c170980-76a0-4569-b437-eb2e9243104c');
INSERT INTO membership (client_id, type, project_id, id, created_at, deleted_at, creator_id, updated_at, review_id, person_id, tenant_id) VALUES (NULL, 'project', 'e450019b-bad5-45a1-ac5c-243bde26eec6', '13da9e6e-b831-464a-8d71-353c69190269', '2014-11-14 14:57:46.365156+11', NULL, '9f4ad422-24e2-4a3f-9ccb-c173550ec69a', '2014-11-14 14:57:46.365156+11', NULL, NULL, NULL);
INSERT INTO membership (client_id, type, project_id, id, created_at, deleted_at, creator_id, updated_at, review_id, person_id, tenant_id) VALUES (NULL, 'review', NULL, 'aa09408c-5a09-4469-a71f-6fff1e6ee3a7', '2014-11-14 14:59:33.88083+11', NULL, '9f4ad422-24e2-4a3f-9ccb-c173550ec69a', '2014-11-14 14:59:33.88083+11', '6069e4d3-1ead-444c-b324-d549a81ed8a3', '9f4ad422-24e2-4a3f-9ccb-c173550ec69a', NULL);

INSERT INTO invite (accepted_at, creator_id, membership_id, email, token, id, created_at, updated_at, deleted_at, expires_at) VALUES (NULL, '9f4ad422-24e2-4a3f-9ccb-c173550ec69a', '13da9e6e-b831-464a-8d71-353c69190269', 'deoxxa@fknsrs.biz', 'tropical-briars-7358', '7a74e4ce-1c71-44c6-b35e-526f9f61c952', '2014-11-14 14:57:46.385648+11', '2014-11-14 14:57:46.385648+11', NULL, '0001-01-01 09:39:52+09:39:52');

END;
